Nombre,Correo electronico,Direccion,Numero telefonico,Comentarios
Paul Howard,bishoproberto@gmail.com,"11507 Maurice Heights Suite 435
Jerryview, NV 77943",853.322.0625x84212,-
Dawn Rivera MD,michaelmiller@gmail.com,"4099 Larry Islands Apt. 365
North Jenniferside, WI 13499",616.507.2144,-
Paul Rodriguez,zsimpson@hotmail.com,"47700 Timothy Pine
Johnsonport, CO 67595",+1-312-775-7102x874,-
Linda Pearson,julie47@yahoo.com,"Unit 0200 Box 6130
DPO AE 29668",510-343-5929x81609,-
Erin Wilson,romerorobert@gmail.com,"USNV Moore
FPO AE 64027",5075407706,-
Maria Ferguson,hchambers@yahoo.com,"64865 Campbell Lock Apt. 585
Lake Michael, PW 46956",+1-752-905-6484x23585,-
Bruce Burns,austinhunt@hotmail.com,"PSC 9161, Box 3213
APO AP 64605",001-314-684-1992x1294,-
Norma Riley,mercerraymond@gmail.com,"732 Alexander Key
Haileyton, ND 27448",599-401-9785x503,-
Haley Cook,john36@hotmail.com,"23995 Patterson Mill
East Gregorymouth, LA 82691",001-412-430-0998x571,-
Tracey Thomas,lgutierrez@yahoo.com,"Unit 0508 Box 0863
DPO AA 68260",+1-297-438-4821x27687,-
